<?xml version="1.0" encoding="UTF-8"?>
<project-private xmlns="http://www.netbeans.org/ns/project-private/1">
    <editor-bookmarks xmlns="http://www.netbeans.org/ns/editor-bookmarks/2" lastBookmarkId="0"/>
    <open-files xmlns="http://www.netbeans.org/ns/projectui-open-files/2">
        <group>
            <file>file:/D:/De%20todito/Informatica/Primer%20Año/Segundo%20Cuatrimestre/Taller/Practicas/Objetos/Practica%20Repaso/Ejercicio_4/src/ejercicio_4/Director.java</file>
            <file>file:/D:/De%20todito/Informatica/Primer%20Año/Segundo%20Cuatrimestre/Taller/Practicas/Objetos/Practica%20Repaso/Ejercicio_4/src/ejercicio_4/Ejercicio_4.java</file>
            <file>file:/D:/De%20todito/Informatica/Primer%20Año/Segundo%20Cuatrimestre/Taller/Practicas/Objetos/Practica%20Repaso/Ejercicio_4/src/ejercicio_4/Coro.java</file>
            <file>file:/D:/De%20todito/Informatica/Primer%20Año/Segundo%20Cuatrimestre/Taller/Practicas/Objetos/Practica%20Repaso/Ejercicio_4/src/ejercicio_4/CoroSemicircular.java</file>
            <file>file:/D:/De%20todito/Informatica/Primer%20Año/Segundo%20Cuatrimestre/Taller/Practicas/Objetos/Practica%20Repaso/Ejercicio_4/src/ejercicio_4/CoroHileras.java</file>
            <file>file:/D:/De%20todito/Informatica/Primer%20Año/Segundo%20Cuatrimestre/Taller/Practicas/Objetos/Practica%20Repaso/Ejercicio_4/src/ejercicio_4/Persona.java</file>
            <file>file:/D:/De%20todito/Informatica/Primer%20Año/Segundo%20Cuatrimestre/Taller/Practicas/Objetos/Practica%20Repaso/Ejercicio_4/src/ejercicio_4/Corista.java</file>
        </group>
    </open-files>
</project-private>
